id,supplier_id,po_number,status,total_amount,expected_delivery_date,created_at
"1","2","9VJ4R1R5","received","85326.85","2024-06-15 13:28:55","2024-05-04 02:06:50"
"2","19","H6MXBPYK","cancelled","73756.82","","2023-08-06 01:37:26"
"3","14","IUWK2R5Y","cancelled","33624.4","","2020-11-01 04:41:34"
"4","11","OAO9VO8E","created","71144.89","2018-10-19 21:23:24","2018-10-08 11:24:17"
"5","10","QWZ264M8","cancelled","82020.25","","2023-05-17 13:03:38"
"6","12","X7GIJGLU","sent","47367.98","2025-11-01 14:18:03","2025-09-16 20:33:30"
"7","6","I3AJMGDX","received","28489.28","2023-07-15 10:11:48","2023-07-04 22:14:44"
"8","3","FD5OKVTA","sent","40695.16","2020-09-28 20:04:51","2020-08-06 19:20:28"
"9","7","HRT4L2OZ","received","7520.71","2022-08-11 20:35:59","2022-07-23 09:08:03"
"10","4","F986RZN0","cancelled","16526.04","","2019-04-29 11:12:15"
"11","19","J991BNMO","sent","9772.41","2024-09-27 08:06:58","2024-09-01 21:11:56"
"12","11","E3M6FOXE","created","46532.74","2019-05-12 00:45:36","2019-04-03 20:18:29"
"13","12","NWSN3FFO","cancelled","68144.17","","2022-08-02 05:22:46"
"14","7","SJTJPSVI","created","21401.1","2019-10-12 14:11:15","2019-08-27 22:48:50"
"15","9","P7W51OM9","partially_received","80149.86","2025-11-01 09:28:20","2025-09-08 17:37:58"
"16","20","07RY4HB5","cancelled","53255.03","","2022-08-28 20:18:42"
"17","7","XT08E5I4","cancelled","87010.47","","2018-01-26 15:51:45"
"18","9","GQU2XWFP","received","58037.5","2018-11-13 08:12:10","2018-09-27 00:28:23"
"19","12","PSMIIZ1K","sent","21149.99","2020-03-14 14:01:18","2020-03-07 13:01:49"
"20","8","03JTFOF7","created","65552.1","2025-11-24 03:20:45","2025-10-12 07:04:18"
"21","8","SORI0USU","cancelled","61758.39","","2019-06-16 05:14:48"
"22","11","MHMW5L25","received","87739.35","2024-03-19 20:38:53","2024-01-26 07:40:08"
"23","1","W0D23BNB","created","93825.78","2020-08-19 08:33:44","2020-06-20 11:50:56"
"24","7","WCT0LNZU","cancelled","89344.36","","2018-07-29 19:22:24"
"25","1","O5JMIL19","sent","81337.55","2021-04-17 19:11:00","2021-03-05 16:40:18"
"26","16","TMW3K5VM","sent","70212.93","2017-11-30 18:17:55","2017-10-10 00:22:10"
"27","14","UOY9FO4Y","created","49159.45","2022-11-14 14:06:48","2022-10-10 21:04:05"
"28","16","9LLLLHMZ","created","31578.18","2022-09-01 07:49:26","2022-08-05 09:23:18"
"29","18","7CPV5WWC","created","99979.99","2025-08-20 16:06:16","2025-08-19 03:43:42"
"30","18","0SVRUZCJ","created","8944.81","2021-06-10 09:15:03","2021-05-24 15:11:55"
"31","9","TNEUY741","partially_received","65353.55","2024-08-18 05:12:29","2024-07-24 12:19:29"
"32","1","4WBF0KAI","sent","3444.34","2020-06-25 16:54:23","2020-05-09 23:02:09"
"33","20","G1PQ0IFT","partially_received","92353.86","2018-03-26 15:33:02","2018-02-13 17:01:28"
"34","16","GP0XAPAS","cancelled","54150.11","","2017-06-06 06:50:18"
"35","6","ZO4P20FY","received","3453.22","2018-02-12 16:12:48","2018-01-31 18:48:46"
"36","11","41RAX7SP","cancelled","84057.21","","2019-09-07 18:19:29"
"37","16","PL43I3CD","sent","78852.4","2017-11-17 01:30:13","2017-10-02 05:38:15"
"38","19","BN77477P","sent","48494.97","2019-09-28 07:36:21","2019-08-04 07:20:16"
"39","9","GQ10RRJ4","created","47447.72","2018-09-29 00:54:06","2018-09-19 08:45:46"
"40","5","UAKWUYRT","cancelled","64569.44","","2020-12-30 05:31:55"
"41","19","XZX1X860","received","74397.51","2021-03-06 08:32:14","2021-02-24 15:08:28"
"42","18","F9911BEG","sent","73554.04","2023-06-23 23:05:18","2023-06-02 21:14:43"
"43","7","LQCCOGS2","received","68716.09","2017-05-09 21:48:26","2017-04-28 19:44:04"
"44","13","BKN4EIWV","partially_received","87604.48","2019-06-02 00:52:23","2019-04-22 16:45:05"
"45","3","66VOR68T","partially_received","82622.66","2023-11-27 18:04:50","2023-10-24 16:18:07"
"46","9","YYAMBCVW","cancelled","54782.9","","2022-03-03 20:02:00"
"47","4","DZV5C7WI","created","8897.99","2019-07-04 22:15:18","2019-06-13 18:12:48"
"48","12","H34J68KW","partially_received","16269.1","2025-02-25 08:30:32","2025-01-10 07:02:25"
"49","18","CN50P6RK","sent","98092.93","2024-08-11 10:28:43","2024-06-16 00:31:14"
"50","1","N2ZA8J1D","received","5965.66","2018-10-31 20:34:28","2018-09-11 11:14:12"
"51","15","EOXBCQH8","cancelled","29110.14","","2020-05-15 20:43:48"
"52","5","TQSNPL85","cancelled","38022.96","","2024-12-17 20:54:30"
"53","4","A4RAACOD","created","70083.15","2022-06-19 05:55:37","2022-05-12 10:13:10"
"54","14","91J3PTC9","received","61698.07","2024-06-12 21:18:43","2024-05-19 00:20:38"
"55","18","6SUQKO12","received","25515.53","2016-12-15 14:03:18","2016-12-01 18:23:37"
"56","14","MC6YP47W","cancelled","78588.95","","2024-01-01 00:36:49"
"57","18","E6YXXM8S","cancelled","17523.19","","2019-06-03 01:59:29"
"58","2","5POV6TI2","cancelled","76473.24","","2017-09-07 12:32:42"
"59","9","AKYCPCLL","sent","62729.1","2022-06-01 10:40:20","2022-04-03 19:18:49"
"60","13","GBUG8F6Z","received","94322.11","2018-11-13 10:19:34","2018-10-16 15:26:14"
"61","4","ZLTVSHB2","partially_received","8563.23","2018-11-08 13:55:52","2018-09-16 13:42:25"
"62","17","M8VL2PMC","received","71271.5","2022-02-03 13:29:25","2021-12-26 03:46:54"
"63","14","0SRDUS4U","received","73986.34","2022-12-01 09:09:37","2022-11-10 15:01:34"
"64","9","3EM6Y151","sent","45299.25","2017-10-13 00:56:41","2017-09-19 03:28:50"
"65","4","Z9I7TD9S","cancelled","72595.94","","2017-03-13 03:16:53"
"66","8","JSCB5FS7","sent","23598.5","2017-10-14 14:21:40","2017-09-27 02:07:43"
"67","12","7DVFV1A1","partially_received","25008.15","2017-11-29 01:20:52","2017-11-15 19:39:02"
"68","18","R0W8GKYV","partially_received","35636.43","2018-06-29 02:00:54","2018-06-19 22:08:45"
"69","9","5JCXTH5S","partially_received","57754.04","2025-04-22 07:11:34","2025-03-23 11:17:08"
"70","2","D1HQV3Y1","received","50510.85","2023-07-10 00:14:49","2023-05-14 12:23:36"
"71","17","HFJWBFPX","sent","20194.91","2021-02-09 13:22:07","2021-02-05 09:46:17"
"72","17","A5T7SBMR","sent","97489.77","2022-08-19 22:19:54","2022-06-25 09:36:24"
"73","9","ZRRWOE91","created","24141.89","2021-05-29 00:17:47","2021-04-12 09:48:30"
"74","20","OIN0TZCX","cancelled","80685.02","","2025-09-17 13:14:50"
"75","12","GV2TPMMD","received","95721.61","2021-08-01 09:20:31","2021-07-12 12:21:56"
"76","14","NFEQQ9YS","sent","94931.99","2022-11-19 14:01:11","2022-10-20 04:35:04"
"77","6","LSA3TEJL","created","63838.59","2023-05-03 17:32:20","2023-03-06 07:18:28"
"78","11","Q4SG1IN2","created","93455.29","2018-08-10 09:42:56","2018-08-04 08:39:18"
"79","1","DBO0M2DG","received","53768.09","2017-02-28 04:33:39","2017-02-10 22:49:15"
"80","4","EN1HDHLN","partially_received","64527.87","2020-01-10 03:39:37","2019-11-22 12:44:10"
"81","16","QHR3JFKC","partially_received","97606.12","2019-04-16 01:26:41","2019-02-24 11:01:16"
"82","1","ID2V2995","cancelled","45452.35","","2024-06-06 05:04:08"
"83","8","TAWMEZP0","received","64541.61","2021-05-02 06:13:05","2021-03-14 07:50:07"
"84","20","TEVDZTN8","partially_received","86382.22","2019-05-30 04:06:24","2019-05-08 04:01:45"
"85","6","Q101FUL7","cancelled","86811.68","","2017-11-15 08:20:44"
"86","7","GTB9I0XK","received","31647.59","2019-06-21 03:34:53","2019-05-14 15:39:41"
"87","8","B8OM00DF","cancelled","45447.32","","2022-08-25 23:15:04"
"88","5","L3VBOV3H","received","32794.84","2019-09-29 20:27:21","2019-08-12 15:11:43"
"89","12","SJQJ2ZQY","partially_received","54199.48","2021-04-30 13:04:09","2021-04-09 20:28:00"
"90","1","HSOUYAQJ","received","37074.61","2024-10-20 17:00:53","2024-09-18 01:40:32"
"91","1","4T8G6FCY","cancelled","2092.46","","2018-09-05 19:21:08"
"92","3","PRCIPLNH","cancelled","56292.08","","2022-05-24 05:43:55"
"93","10","03FO2QRQ","sent","96598.39","2022-04-09 12:14:51","2022-03-30 20:35:07"
"94","4","OWUSCQ4O","created","71350.3","2018-11-30 21:30:42","2018-10-02 02:56:32"
"95","5","DHCFN8NJ","cancelled","32420","","2017-03-15 17:13:45"
"96","13","A2XOMPX6","partially_received","62257.3","2022-04-19 07:03:31","2022-04-06 08:20:40"
"97","2","58DV6TWB","received","99811.48","2020-07-06 15:28:31","2020-06-25 11:25:05"
"98","16","PLV1LKS0","created","84646.23","2020-11-26 03:55:36","2020-10-24 15:22:29"
"99","13","M9LCO9WK","cancelled","11917.91","","2019-03-27 20:52:24"
"100","16","QYVN2TGM","created","25326.4","2017-09-10 09:47:50","2017-08-11 05:46:52"